-- phpMyAdmin SQL Dump
-- version 5.2.1
-- https://www.phpmyadmin.net/
--
-- Host: 127.0.0.1
-- Generation Time: Jun 03, 2025 at 07:12 PM
-- Server version: 10.4.28-MariaDB
-- PHP Version: 8.2.4

SET SQL_MODE = "NO_AUTO_VALUE_ON_ZERO";
START TRANSACTION;
SET time_zone = "+00:00";


/*!40101 SET @OLD_CHARACTER_SET_CLIENT=@@CHARACTER_SET_CLIENT */;
/*!40101 SET @OLD_CHARACTER_SET_RESULTS=@@CHARACTER_SET_RESULTS */;
/*!40101 SET @OLD_COLLATION_CONNECTION=@@COLLATION_CONNECTION */;
/*!40101 SET NAMES utf8mb4 */;

--
-- Database: `webexam_database`
--

-- --------------------------------------------------------

--
-- Table structure for table `posts`
--

CREATE TABLE `posts` (
  `id` int(11) NOT NULL,
  `user_id` int(11) NOT NULL,
  `title` varchar(200) NOT NULL,
  `content` text DEFAULT NULL,
  `created_at` timestamp NOT NULL DEFAULT current_timestamp(),
  `updated_at` timestamp NOT NULL DEFAULT current_timestamp() ON UPDATE current_timestamp()
) ENGINE=InnoDB DEFAULT CHARSET=utf8mb4 COLLATE=utf8mb4_general_ci;

--
-- Dumping data for table `posts`
--

INSERT INTO `posts` (`id`, `user_id`, `title`, `content`, `created_at`, `updated_at`) VALUES
(66, 1, 'Post 1 by Matineh Mousavi', 'Sample content for post 1', '2025-06-01 17:10:02', '2025-06-01 17:10:02'),
(67, 1, 'Post 2 by Matineh Mousavi', 'Sample content for post 2', '2025-06-01 17:10:02', '2025-06-01 17:10:02'),
(68, 1, 'Post 3 by Matineh Mousavi', 'Sample content for post 3', '2025-06-01 17:10:02', '2025-06-01 17:10:02'),
(69, 1, 'Post 4 by Matineh Mousavi', 'Sample content for post 4', '2025-06-01 17:10:02', '2025-06-01 17:10:02'),
(70, 1, 'Post 5 by Matineh Mousavi', 'Sample content for post 5', '2025-06-01 17:10:02', '2025-06-01 17:10:02'),
(71, 1, 'Post 6 by Matineh Mousavi', 'Sample content for post 6', '2025-06-01 17:10:02', '2025-06-01 17:10:02'),
(72, 1, 'Post 7 by Matineh Mousavi', 'Sample content for post 7', '2025-06-01 17:10:02', '2025-06-01 17:10:02'),
(73, 1, 'Post 1 by Matineh Mousavi', 'این پست به صورت خودکار بازسازی شده است', '2025-06-01 17:33:00', '2025-06-01 17:33:00'),
(74, 1, 'Post 2 by Matineh Mousavi', 'این پست به صورت خودکار بازسازی شده است', '2025-06-01 17:33:00', '2025-06-01 17:33:00'),
(75, 1, 'Post 3 by Matineh Mousavi', 'این پست به صورت خودکار بازسازی شده است', '2025-06-01 17:33:00', '2025-06-01 17:33:00'),
(76, 1, 'Post 4 by Matineh Mousavi', 'این پست به صورت خودکار بازسازی شده است', '2025-06-01 17:33:00', '2025-06-01 17:33:00'),
(77, 1, 'Post 5 by Matineh Mousavi', 'این پست به صورت خودکار بازسازی شده است', '2025-06-01 17:33:00', '2025-06-01 17:33:00'),
(78, 1, 'Post 6 by Matineh Mousavi', 'این پست به صورت خودکار بازسازی شده است', '2025-06-01 17:33:00', '2025-06-01 17:33:00'),
(79, 1, 'Post 7 by Matineh Mousavi', 'این پست به صورت خودکار بازسازی شده است', '2025-06-01 17:33:00', '2025-06-01 17:33:00'),
(80, 2, 'Post 1 by amirhossein asadi', 'این پست به صورت خودکار بازسازی شده است', '2025-06-01 17:33:00', '2025-06-01 17:33:00'),
(81, 2, 'Post 2 by amirhossein asadi', 'این پست به صورت خودکار بازسازی شده است', '2025-06-01 17:33:00', '2025-06-01 17:33:00'),
(82, 2, 'Post 3 by amirhossein asadi', 'این پست به صورت خودکار بازسازی شده است', '2025-06-01 17:33:00', '2025-06-01 17:33:00'),
(83, 2, 'Post 4 by amirhossein asadi', 'این پست به صورت خودکار بازسازی شده است', '2025-06-01 17:33:00', '2025-06-01 17:33:00'),
(84, 2, 'Post 5 by amirhossein asadi', 'این پست به صورت خودکار بازسازی شده است', '2025-06-01 17:33:00', '2025-06-01 17:33:00'),
(85, 3, 'Post 1 by ali babakordi', 'این پست به صورت خودکار بازسازی شده است', '2025-06-01 17:33:00', '2025-06-01 17:33:00'),
(86, 3, 'Post 2 by ali babakordi', 'این پست به صورت خودکار بازسازی شده است', '2025-06-01 17:33:00', '2025-06-01 17:33:00'),
(87, 3, 'Post 3 by ali babakordi', 'این پست به صورت خودکار بازسازی شده است', '2025-06-01 17:33:00', '2025-06-01 17:33:00'),
(88, 3, 'Post 4 by ali babakordi', 'این پست به صورت خودکار بازسازی شده است', '2025-06-01 17:33:00', '2025-06-01 17:33:00'),
(89, 3, 'Post 5 by ali babakordi', 'این پست به صورت خودکار بازسازی شده است', '2025-06-01 17:33:00', '2025-06-01 17:33:00'),
(90, 4, 'Post 1 by Fatemeh Binesh', 'این پست به صورت خودکار بازسازی شده است', '2025-06-01 17:33:00', '2025-06-01 17:33:00'),
(91, 4, 'Post 2 by Fatemeh Binesh', 'این پست به صورت خودکار بازسازی شده است', '2025-06-01 17:33:00', '2025-06-01 17:33:00'),
(92, 4, 'Post 3 by Fatemeh Binesh', 'این پست به صورت خودکار بازسازی شده است', '2025-06-01 17:33:00', '2025-06-01 17:33:00'),
(93, 4, 'Post 4 by Fatemeh Binesh', 'این پست به صورت خودکار بازسازی شده است', '2025-06-01 17:33:00', '2025-06-01 17:33:00'),
(94, 4, 'Post 5 by Fatemeh Binesh', 'این پست به صورت خودکار بازسازی شده است', '2025-06-01 17:33:00', '2025-06-01 17:33:00'),
(95, 4, 'Post 6 by Fatemeh Binesh', 'این پست به صورت خودکار بازسازی شده است', '2025-06-01 17:33:00', '2025-06-01 17:33:00'),
(96, 5, 'Post 1 by Ali Daneshmand', 'این پست به صورت خودکار بازسازی شده است', '2025-06-01 17:33:00', '2025-06-01 17:33:00'),
(97, 5, 'Post 2 by Ali Daneshmand', 'این پست به صورت خودکار بازسازی شده است', '2025-06-01 17:33:00', '2025-06-01 17:33:00'),
(98, 5, 'Post 3 by Ali Daneshmand', 'این پست به صورت خودکار بازسازی شده است', '2025-06-01 17:33:01', '2025-06-01 17:33:01'),
(99, 5, 'Post 4 by Ali Daneshmand', 'این پست به صورت خودکار بازسازی شده است', '2025-06-01 17:33:01', '2025-06-01 17:33:01'),
(100, 5, 'Post 5 by Ali Daneshmand', 'این پست به صورت خودکار بازسازی شده است', '2025-06-01 17:33:01', '2025-06-01 17:33:01'),
(101, 5, 'Post 6 by Ali Daneshmand', 'این پست به صورت خودکار بازسازی شده است', '2025-06-01 17:33:01', '2025-06-01 17:33:01'),
(102, 6, 'Post 1 by Abbas Esmaili', 'این پست به صورت خودکار بازسازی شده است', '2025-06-01 17:33:01', '2025-06-01 17:33:01'),
(103, 6, 'Post 2 by Abbas Esmaili', 'این پست به صورت خودکار بازسازی شده است', '2025-06-01 17:33:01', '2025-06-01 17:33:01'),
(104, 6, 'Post 3 by Abbas Esmaili', 'این پست به صورت خودکار بازسازی شده است', '2025-06-01 17:33:01', '2025-06-01 17:33:01'),
(105, 6, 'Post 4 by Abbas Esmaili', 'این پست به صورت خودکار بازسازی شده است', '2025-06-01 17:33:01', '2025-06-01 17:33:01'),
(106, 6, 'Post 5 by Abbas Esmaili', 'این پست به صورت خودکار بازسازی شده است', '2025-06-01 17:33:01', '2025-06-01 17:33:01'),
(107, 7, 'Post 1 by Mobina Fallah', 'این پست به صورت خودکار بازسازی شده است', '2025-06-01 17:33:01', '2025-06-01 17:33:01'),
(108, 7, 'Post 2 by Mobina Fallah', 'این پست به صورت خودکار بازسازی شده است', '2025-06-01 17:33:01', '2025-06-01 17:33:01'),
(109, 7, 'Post 3 by Mobina Fallah', 'این پست به صورت خودکار بازسازی شده است', '2025-06-01 17:33:01', '2025-06-01 17:33:01'),
(110, 7, 'Post 4 by Mobina Fallah', 'این پست به صورت خودکار بازسازی شده است', '2025-06-01 17:33:01', '2025-06-01 17:33:01'),
(111, 7, 'Post 5 by Mobina Fallah', 'این پست به صورت خودکار بازسازی شده است', '2025-06-01 17:33:01', '2025-06-01 17:33:01'),
(112, 7, 'Post 6 by Mobina Fallah', 'این پست به صورت خودکار بازسازی شده است', '2025-06-01 17:33:01', '2025-06-01 17:33:01'),
(113, 7, 'Post 7 by Mobina Fallah', 'این پست به صورت خودکار بازسازی شده است', '2025-06-01 17:33:01', '2025-06-01 17:33:01'),
(114, 8, 'Post 1 by Omid Haghgoo', 'این پست به صورت خودکار بازسازی شده است', '2025-06-01 17:33:01', '2025-06-01 17:33:01'),
(115, 8, 'Post 2 by Omid Haghgoo', 'این پست به صورت خودکار بازسازی شده است', '2025-06-01 17:33:01', '2025-06-01 17:33:01'),
(116, 8, 'Post 3 by Omid Haghgoo', 'این پست به صورت خودکار بازسازی شده است', '2025-06-01 17:33:01', '2025-06-01 17:33:01'),
(117, 8, 'Post 4 by Omid Haghgoo', 'این پست به صورت خودکار بازسازی شده است', '2025-06-01 17:33:01', '2025-06-01 17:33:01'),
(118, 8, 'Post 5 by Omid Haghgoo', 'این پست به صورت خودکار بازسازی شده است', '2025-06-01 17:33:01', '2025-06-01 17:33:01'),
(119, 8, 'Post 6 by Omid Haghgoo', 'این پست به صورت خودکار بازسازی شده است', '2025-06-01 17:33:01', '2025-06-01 17:33:01'),
(120, 9, 'Post 1 by Danial Isaabadi', 'این پست به صورت خودکار بازسازی شده است', '2025-06-01 17:33:01', '2025-06-01 17:33:01'),
(121, 9, 'Post 2 by Danial Isaabadi', 'این پست به صورت خودکار بازسازی شده است', '2025-06-01 17:33:01', '2025-06-01 17:33:01'),
(122, 9, 'Post 3 by Danial Isaabadi', 'این پست به صورت خودکار بازسازی شده است', '2025-06-01 17:33:01', '2025-06-01 17:33:01'),
(123, 9, 'Post 4 by Danial Isaabadi', 'این پست به صورت خودکار بازسازی شده است', '2025-06-01 17:33:01', '2025-06-01 17:33:01'),
(124, 9, 'Post 5 by Danial Isaabadi', 'این پست به صورت خودکار بازسازی شده است', '2025-06-01 17:33:01', '2025-06-01 17:33:01'),
(125, 9, 'Post 6 by Danial Isaabadi', 'این پست به صورت خودکار بازسازی شده است', '2025-06-01 17:33:01', '2025-06-01 17:33:01'),
(126, 10, 'Post 1 by fatemeh khajeh', 'این پست به صورت خودکار بازسازی شده است', '2025-06-01 17:33:01', '2025-06-01 17:33:01'),
(127, 10, 'Post 2 by fatemeh khajeh', 'این پست به صورت خودکار بازسازی شده است', '2025-06-01 17:33:01', '2025-06-01 17:33:01'),
(128, 10, 'Post 3 by fatemeh khajeh', 'این پست به صورت خودکار بازسازی شده است', '2025-06-01 17:33:01', '2025-06-01 17:33:01'),
(129, 10, 'Post 4 by fatemeh khajeh', 'این پست به صورت خودکار بازسازی شده است', '2025-06-01 17:33:01', '2025-06-01 17:33:01'),
(130, 10, 'Post 5 by fatemeh khajeh', 'این پست به صورت خودکار بازسازی شده است', '2025-06-01 17:33:01', '2025-06-01 17:33:01'),
(131, 11, 'Post 1 by Mobina mahdavi', 'این پست به صورت خودکار بازسازی شده است', '2025-06-01 17:33:01', '2025-06-01 17:33:01'),
(132, 11, 'Post 2 by Mobina mahdavi', 'این پست به صورت خودکار بازسازی شده است', '2025-06-01 17:33:01', '2025-06-01 17:33:01'),
(133, 11, 'Post 3 by Mobina mahdavi', 'این پست به صورت خودکار بازسازی شده است', '2025-06-01 17:33:01', '2025-06-01 17:33:01'),
(134, 11, 'Post 4 by Mobina mahdavi', 'این پست به صورت خودکار بازسازی شده است', '2025-06-01 17:33:01', '2025-06-01 17:33:01'),
(135, 11, 'Post 5 by Mobina mahdavi', 'این پست به صورت خودکار بازسازی شده است', '2025-06-01 17:33:01', '2025-06-01 17:33:01'),
(136, 11, 'Post 6 by Mobina mahdavi', 'این پست به صورت خودکار بازسازی شده است', '2025-06-01 17:33:01', '2025-06-01 17:33:01'),
(137, 11, 'Post 7 by Mobina mahdavi', 'این پست به صورت خودکار بازسازی شده است', '2025-06-01 17:33:01', '2025-06-01 17:33:01'),
(138, 12, 'Post 1 by Parmida Mehrnikoo', 'این پست به صورت خودکار بازسازی شده است', '2025-06-01 17:33:01', '2025-06-01 17:33:01'),
(139, 12, 'Post 2 by Parmida Mehrnikoo', 'این پست به صورت خودکار بازسازی شده است', '2025-06-01 17:33:01', '2025-06-01 17:33:01'),
(140, 12, 'Post 3 by Parmida Mehrnikoo', 'این پست به صورت خودکار بازسازی شده است', '2025-06-01 17:33:01', '2025-06-01 17:33:01'),
(141, 12, 'Post 4 by Parmida Mehrnikoo', 'این پست به صورت خودکار بازسازی شده است', '2025-06-01 17:33:01', '2025-06-01 17:33:01'),
(142, 12, 'Post 5 by Parmida Mehrnikoo', 'این پست به صورت خودکار بازسازی شده است', '2025-06-01 17:33:01', '2025-06-01 17:33:01'),
(143, 12, 'Post 6 by Parmida Mehrnikoo', 'این پست به صورت خودکار بازسازی شده است', '2025-06-01 17:33:01', '2025-06-01 17:33:01'),
(144, 13, 'Post 1 by Mostafa Montazery', 'این پست به صورت خودکار بازسازی شده است', '2025-06-01 17:33:01', '2025-06-01 17:33:01'),
(145, 13, 'Post 2 by Mostafa Montazery', 'این پست به صورت خودکار بازسازی شده است', '2025-06-01 17:33:01', '2025-06-01 17:33:01'),
(146, 13, 'Post 3 by Mostafa Montazery', 'این پست به صورت خودکار بازسازی شده است', '2025-06-01 17:33:01', '2025-06-01 17:33:01'),
(147, 13, 'Post 4 by Mostafa Montazery', 'این پست به صورت خودکار بازسازی شده است', '2025-06-01 17:33:01', '2025-06-01 17:33:01'),
(148, 13, 'Post 5 by Mostafa Montazery', 'این پست به صورت خودکار بازسازی شده است', '2025-06-01 17:33:01', '2025-06-01 17:33:01'),
(149, 13, 'Post 6 by Mostafa Montazery', 'این پست به صورت خودکار بازسازی شده است', '2025-06-01 17:33:01', '2025-06-01 17:33:01'),
(150, 13, 'Post 7 by Mostafa Montazery', 'این پست به صورت خودکار بازسازی شده است', '2025-06-01 17:33:01', '2025-06-01 17:33:01'),
(151, 14, 'Post 1 by Mobina Amini', 'این پست به صورت خودکار بازسازی شده است', '2025-06-01 17:33:01', '2025-06-01 17:33:01'),
(152, 14, 'Post 2 by Mobina Amini', 'این پست به صورت خودکار بازسازی شده است', '2025-06-01 17:33:01', '2025-06-01 17:33:01'),
(153, 14, 'Post 3 by Mobina Amini', 'این پست به صورت خودکار بازسازی شده است', '2025-06-01 17:33:01', '2025-06-01 17:33:01'),
(154, 14, 'Post 4 by Mobina Amini', 'این پست به صورت خودکار بازسازی شده است', '2025-06-01 17:33:01', '2025-06-01 17:33:01'),
(155, 14, 'Post 5 by Mobina Amini', 'این پست به صورت خودکار بازسازی شده است', '2025-06-01 17:33:01', '2025-06-01 17:33:01'),
(156, 15, 'Post 1 by Mahdieh panjei', 'این پست به صورت خودکار بازسازی شده است', '2025-06-01 17:33:01', '2025-06-01 17:33:01'),
(157, 15, 'Post 2 by Mahdieh panjei', 'این پست به صورت خودکار بازسازی شده است', '2025-06-01 17:33:01', '2025-06-01 17:33:01'),
(158, 15, 'Post 3 by Mahdieh panjei', 'این پست به صورت خودکار بازسازی شده است', '2025-06-01 17:33:01', '2025-06-01 17:33:01'),
(159, 15, 'Post 4 by Mahdieh panjei', 'این پست به صورت خودکار بازسازی شده است', '2025-06-01 17:33:01', '2025-06-01 17:33:01'),
(160, 15, 'Post 5 by Mahdieh panjei', 'این پست به صورت خودکار بازسازی شده است', '2025-06-01 17:33:01', '2025-06-01 17:33:01'),
(161, 15, 'Post 6 by Mahdieh panjei', 'این پست به صورت خودکار بازسازی شده است', '2025-06-01 17:33:01', '2025-06-01 17:33:01'),
(162, 16, 'Post 1 by Sadjad Rezagholizadeh', 'این پست به صورت خودکار بازسازی شده است', '2025-06-01 17:33:01', '2025-06-01 17:33:01'),
(163, 16, 'Post 2 by Sadjad Rezagholizadeh', 'این پست به صورت خودکار بازسازی شده است', '2025-06-01 17:33:01', '2025-06-01 17:33:01'),
(164, 16, 'Post 3 by Sadjad Rezagholizadeh', 'این پست به صورت خودکار بازسازی شده است', '2025-06-01 17:33:01', '2025-06-01 17:33:01'),
(165, 16, 'Post 4 by Sadjad Rezagholizadeh', 'این پست به صورت خودکار بازسازی شده است', '2025-06-01 17:33:01', '2025-06-01 17:33:01'),
(166, 16, 'Post 5 by Sadjad Rezagholizadeh', 'این پست به صورت خودکار بازسازی شده است', '2025-06-01 17:33:01', '2025-06-01 17:33:01'),
(167, 16, 'Post 6 by Sadjad Rezagholizadeh', 'این پست به صورت خودکار بازسازی شده است', '2025-06-01 17:33:01', '2025-06-01 17:33:01'),
(168, 17, 'Post 1 by Ghazal Rezaei', 'این پست به صورت خودکار بازسازی شده است', '2025-06-01 17:33:01', '2025-06-01 17:33:01'),
(169, 17, 'Post 2 by Ghazal Rezaei', 'این پست به صورت خودکار بازسازی شده است', '2025-06-01 17:33:01', '2025-06-01 17:33:01'),
(170, 17, 'Post 3 by Ghazal Rezaei', 'این پست به صورت خودکار بازسازی شده است', '2025-06-01 17:33:01', '2025-06-01 17:33:01'),
(171, 17, 'Post 4 by Ghazal Rezaei', 'این پست به صورت خودکار بازسازی شده است', '2025-06-01 17:33:01', '2025-06-01 17:33:01'),
(172, 17, 'Post 5 by Ghazal Rezaei', 'این پست به صورت خودکار بازسازی شده است', '2025-06-01 17:33:01', '2025-06-01 17:33:01'),
(173, 17, 'Post 6 by Ghazal Rezaei', 'این پست به صورت خودکار بازسازی شده است', '2025-06-01 17:33:01', '2025-06-01 17:33:01'),
(174, 18, 'Post 1 by Sara Sarfi', 'این پست به صورت خودکار بازسازی شده است', '2025-06-01 17:33:01', '2025-06-01 17:33:01'),
(175, 18, 'Post 2 by Sara Sarfi', 'این پست به صورت خودکار بازسازی شده است', '2025-06-01 17:33:01', '2025-06-01 17:33:01'),
(176, 18, 'Post 3 by Sara Sarfi', 'این پست به صورت خودکار بازسازی شده است', '2025-06-01 17:33:01', '2025-06-01 17:33:01'),
(177, 18, 'Post 4 by Sara Sarfi', 'این پست به صورت خودکار بازسازی شده است', '2025-06-01 17:33:01', '2025-06-01 17:33:01'),
(178, 18, 'Post 5 by Sara Sarfi', 'این پست به صورت خودکار بازسازی شده است', '2025-06-01 17:33:01', '2025-06-01 17:33:01'),
(179, 18, 'Post 6 by Sara Sarfi', 'این پست به صورت خودکار بازسازی شده است', '2025-06-01 17:33:01', '2025-06-01 17:33:01'),
(180, 19, 'Post 1 by Aida Sadeghi', 'این پست به صورت خودکار بازسازی شده است', '2025-06-01 17:33:01', '2025-06-01 17:33:01'),
(181, 19, 'Post 2 by Aida Sadeghi', 'این پست به صورت خودکار بازسازی شده است', '2025-06-01 17:33:01', '2025-06-01 17:33:01'),
(182, 19, 'Post 3 by Aida Sadeghi', 'این پست به صورت خودکار بازسازی شده است', '2025-06-01 17:33:01', '2025-06-01 17:33:01'),
(183, 19, 'Post 4 by Aida Sadeghi', 'این پست به صورت خودکار بازسازی شده است', '2025-06-01 17:33:01', '2025-06-01 17:33:01'),
(184, 19, 'Post 5 by Aida Sadeghi', 'این پست به صورت خودکار بازسازی شده است', '2025-06-01 17:33:01', '2025-06-01 17:33:01'),
(185, 19, 'Post 6 by Aida Sadeghi', 'این پست به صورت خودکار بازسازی شده است', '2025-06-01 17:33:01', '2025-06-01 17:33:01'),
(186, 20, 'Post 1 by taha sadeghi', 'این پست به صورت خودکار بازسازی شده است', '2025-06-01 17:33:01', '2025-06-01 17:33:01'),
(187, 20, 'Post 2 by taha sadeghi', 'این پست به صورت خودکار بازسازی شده است', '2025-06-01 17:33:01', '2025-06-01 17:33:01'),
(188, 20, 'Post 3 by taha sadeghi', 'این پست به صورت خودکار بازسازی شده است', '2025-06-01 17:33:01', '2025-06-01 17:33:01'),
(189, 20, 'Post 4 by taha sadeghi', 'این پست به صورت خودکار بازسازی شده است', '2025-06-01 17:33:01', '2025-06-01 17:33:01'),
(190, 20, 'Post 5 by taha sadeghi', 'این پست به صورت خودکار بازسازی شده است', '2025-06-01 17:33:01', '2025-06-01 17:33:01'),
(191, 20, 'Post 6 by taha sadeghi', 'این پست به صورت خودکار بازسازی شده است', '2025-06-01 17:33:01', '2025-06-01 17:33:01'),
(192, 21, 'Post 1 by Shahed Shirazi', 'این پست به صورت خودکار بازسازی شده است', '2025-06-01 17:33:01', '2025-06-01 17:33:01'),
(193, 21, 'Post 2 by Shahed Shirazi', 'این پست به صورت خودکار بازسازی شده است', '2025-06-01 17:33:01', '2025-06-01 17:33:01'),
(194, 21, 'Post 3 by Shahed Shirazi', 'این پست به صورت خودکار بازسازی شده است', '2025-06-01 17:33:01', '2025-06-01 17:33:01'),
(195, 21, 'Post 4 by Shahed Shirazi', 'این پست به صورت خودکار بازسازی شده است', '2025-06-01 17:33:01', '2025-06-01 17:33:01'),
(196, 21, 'Post 5 by Shahed Shirazi', 'این پست به صورت خودکار بازسازی شده است', '2025-06-01 17:33:01', '2025-06-01 17:33:01'),
(197, 21, 'Post 6 by Shahed Shirazi', 'این پست به صورت خودکار بازسازی شده است', '2025-06-01 17:33:01', '2025-06-01 17:33:01'),
(198, 22, 'Post 1 by Shakila Shaker', 'این پست به صورت خودکار بازسازی شده است', '2025-06-01 17:33:01', '2025-06-01 17:33:01'),
(199, 22, 'Post 2 by Shakila Shaker', 'این پست به صورت خودکار بازسازی شده است', '2025-06-01 17:33:01', '2025-06-01 17:33:01'),
(200, 22, 'Post 3 by Shakila Shaker', 'این پست به صورت خودکار بازسازی شده است', '2025-06-01 17:33:01', '2025-06-01 17:33:01'),
(201, 22, 'Post 4 by Shakila Shaker', 'این پست به صورت خودکار بازسازی شده است', '2025-06-01 17:33:01', '2025-06-01 17:33:01'),
(202, 22, 'Post 5 by Shakila Shaker', 'این پست به صورت خودکار بازسازی شده است', '2025-06-01 17:33:01', '2025-06-01 17:33:01'),
(203, 23, 'Post 1 by Amirhosein Tasharrofi', 'این پست به صورت خودکار بازسازی شده است', '2025-06-01 17:33:01', '2025-06-01 17:33:01'),
(204, 23, 'Post 2 by Amirhosein Tasharrofi', 'این پست به صورت خودکار بازسازی شده است', '2025-06-01 17:33:01', '2025-06-01 17:33:01'),
(205, 23, 'Post 3 by Amirhosein Tasharrofi', 'این پست به صورت خودکار بازسازی شده است', '2025-06-01 17:33:01', '2025-06-01 17:33:01'),
(206, 23, 'Post 4 by Amirhosein Tasharrofi', 'این پست به صورت خودکار بازسازی شده است', '2025-06-01 17:33:01', '2025-06-01 17:33:01'),
(207, 23, 'Post 5 by Amirhosein Tasharrofi', 'این پست به صورت خودکار بازسازی شده است', '2025-06-01 17:33:01', '2025-06-01 17:33:01'),
(208, 23, 'Post 6 by Amirhosein Tasharrofi', 'این پست به صورت خودکار بازسازی شده است', '2025-06-01 17:33:01', '2025-06-01 17:33:01'),
(209, 23, 'Post 7 by Amirhosein Tasharrofi', 'این پست به صورت خودکار بازسازی شده است', '2025-06-01 17:33:01', '2025-06-01 17:33:01'),
(210, 24, 'Post 1 by Masoud Taghipour', 'این پست به صورت خودکار بازسازی شده است', '2025-06-01 17:33:01', '2025-06-01 17:33:01'),
(211, 24, 'Post 2 by Masoud Taghipour', 'این پست به صورت خودکار بازسازی شده است', '2025-06-01 17:33:01', '2025-06-01 17:33:01'),
(212, 24, 'Post 3 by Masoud Taghipour', 'این پست به صورت خودکار بازسازی شده است', '2025-06-01 17:33:01', '2025-06-01 17:33:01'),
(213, 24, 'Post 4 by Masoud Taghipour', 'این پست به صورت خودکار بازسازی شده است', '2025-06-01 17:33:01', '2025-06-01 17:33:01'),
(214, 24, 'Post 5 by Masoud Taghipour', 'این پست به صورت خودکار بازسازی شده است', '2025-06-01 17:33:01', '2025-06-01 17:33:01'),
(215, 24, 'Post 6 by Masoud Taghipour', 'این پست به صورت خودکار بازسازی شده است', '2025-06-01 17:33:01', '2025-06-01 17:33:01');

-- --------------------------------------------------------

--
-- Table structure for table `post_views`
--

CREATE TABLE `post_views` (
  `id` int(11) NOT NULL,
  `post_id` int(11) NOT NULL,
  `views` int(11) DEFAULT 0,
  `created_at` timestamp NOT NULL DEFAULT current_timestamp(),
  `updated_at` timestamp NOT NULL DEFAULT current_timestamp() ON UPDATE current_timestamp()
) ENGINE=InnoDB DEFAULT CHARSET=utf8mb4 COLLATE=utf8mb4_general_ci;

--
-- Dumping data for table `post_views`
--

INSERT INTO `post_views` (`id`, `post_id`, `views`, `created_at`, `updated_at`) VALUES
(1, 66, 638, '2025-06-02 21:44:46', '2025-06-02 21:44:46'),
(2, 67, 647, '2025-06-02 21:44:46', '2025-06-02 21:44:46'),
(3, 68, 125, '2025-06-02 21:44:46', '2025-06-02 21:44:46'),
(4, 69, 175, '2025-06-02 21:44:46', '2025-06-02 21:44:46'),
(5, 70, 733, '2025-06-02 21:44:46', '2025-06-02 21:44:46'),
(6, 71, 857, '2025-06-02 21:44:46', '2025-06-02 21:44:46'),
(7, 72, 487, '2025-06-02 21:44:46', '2025-06-02 21:44:46'),
(8, 73, 818, '2025-06-02 21:44:46', '2025-06-02 21:44:46'),
(9, 74, 198, '2025-06-02 21:44:46', '2025-06-02 21:44:46'),
(10, 75, 383, '2025-06-02 21:44:46', '2025-06-02 21:44:46'),
(11, 76, 574, '2025-06-02 21:44:46', '2025-06-02 21:44:46'),
(12, 77, 677, '2025-06-02 21:44:46', '2025-06-02 21:44:46'),
(13, 78, 586, '2025-06-02 21:44:46', '2025-06-02 21:44:46'),
(14, 79, 526, '2025-06-02 21:44:46', '2025-06-02 21:44:46'),
(15, 80, 549, '2025-06-02 21:44:46', '2025-06-02 21:44:46'),
(16, 81, 767, '2025-06-02 21:44:46', '2025-06-02 21:44:46'),
(17, 82, 829, '2025-06-02 21:44:46', '2025-06-02 21:44:46'),
(18, 83, 192, '2025-06-02 21:44:46', '2025-06-02 21:44:46'),
(19, 84, 296, '2025-06-02 21:44:46', '2025-06-02 21:44:46'),
(20, 85, 534, '2025-06-02 21:44:46', '2025-06-02 21:44:46'),
(21, 86, 486, '2025-06-02 21:44:46', '2025-06-02 21:44:46'),
(22, 87, 284, '2025-06-02 21:44:46', '2025-06-02 21:44:46'),
(23, 88, 662, '2025-06-02 21:44:46', '2025-06-02 21:44:46'),
(24, 89, 215, '2025-06-02 21:44:46', '2025-06-02 21:44:46'),
(25, 90, 168, '2025-06-02 21:44:46', '2025-06-02 21:44:46'),
(26, 91, 472, '2025-06-02 21:44:46', '2025-06-02 21:44:46'),
(27, 92, 996, '2025-06-02 21:44:46', '2025-06-02 21:44:46'),
(28, 93, 130, '2025-06-02 21:44:46', '2025-06-02 21:44:46'),
(29, 94, 745, '2025-06-02 21:44:46', '2025-06-02 21:44:46'),
(30, 95, 664, '2025-06-02 21:44:46', '2025-06-02 21:44:46'),
(31, 96, 490, '2025-06-02 21:44:46', '2025-06-02 21:44:46'),
(32, 97, 893, '2025-06-02 21:44:46', '2025-06-02 21:44:46'),
(33, 98, 921, '2025-06-02 21:44:46', '2025-06-02 21:44:46'),
(34, 99, 865, '2025-06-02 21:44:46', '2025-06-02 21:44:46'),
(35, 100, 772, '2025-06-02 21:44:46', '2025-06-02 21:44:46'),
(36, 101, 971, '2025-06-02 21:44:46', '2025-06-02 21:44:46'),
(37, 102, 220, '2025-06-02 21:44:46', '2025-06-02 21:44:46'),
(38, 103, 601, '2025-06-02 21:44:46', '2025-06-02 21:44:46'),
(39, 104, 701, '2025-06-02 21:44:46', '2025-06-02 21:44:46'),
(40, 105, 305, '2025-06-02 21:44:46', '2025-06-02 21:44:46'),
(41, 106, 936, '2025-06-02 21:44:46', '2025-06-02 21:44:46'),
(42, 107, 328, '2025-06-02 21:44:46', '2025-06-02 21:44:46'),
(43, 108, 526, '2025-06-02 21:44:46', '2025-06-02 21:44:46'),
(44, 109, 516, '2025-06-02 21:44:46', '2025-06-02 21:44:46'),
(45, 110, 660, '2025-06-02 21:44:46', '2025-06-02 21:44:46'),
(46, 111, 193, '2025-06-02 21:44:46', '2025-06-02 21:44:46'),
(47, 112, 207, '2025-06-02 21:44:46', '2025-06-02 21:44:46'),
(48, 113, 328, '2025-06-02 21:44:46', '2025-06-02 21:44:46'),
(49, 114, 847, '2025-06-02 21:44:46', '2025-06-02 21:44:46'),
(50, 115, 640, '2025-06-02 21:44:46', '2025-06-02 21:44:46'),
(51, 116, 140, '2025-06-02 21:44:46', '2025-06-02 21:44:46'),
(52, 117, 549, '2025-06-02 21:44:46', '2025-06-02 21:44:46'),
(53, 118, 994, '2025-06-02 21:44:46', '2025-06-02 21:44:46'),
(54, 119, 505, '2025-06-02 21:44:46', '2025-06-02 21:44:46'),
(55, 120, 558, '2025-06-02 21:44:46', '2025-06-02 21:44:46'),
(56, 121, 703, '2025-06-02 21:44:46', '2025-06-02 21:44:46'),
(57, 122, 436, '2025-06-02 21:44:46', '2025-06-02 21:44:46'),
(58, 123, 960, '2025-06-02 21:44:46', '2025-06-02 21:44:46'),
(59, 124, 899, '2025-06-02 21:44:46', '2025-06-02 21:44:46'),
(60, 125, 756, '2025-06-02 21:44:46', '2025-06-02 21:44:46'),
(61, 126, 675, '2025-06-02 21:44:46', '2025-06-02 21:44:46'),
(62, 127, 153, '2025-06-02 21:44:46', '2025-06-02 21:44:46'),
(63, 128, 364, '2025-06-02 21:44:46', '2025-06-02 21:44:46'),
(64, 129, 643, '2025-06-02 21:44:46', '2025-06-02 21:44:46'),
(65, 130, 695, '2025-06-02 21:44:46', '2025-06-02 21:44:46'),
(66, 131, 491, '2025-06-02 21:44:46', '2025-06-02 21:44:46'),
(67, 132, 906, '2025-06-02 21:44:46', '2025-06-02 21:44:46'),
(68, 133, 841, '2025-06-02 21:44:46', '2025-06-02 21:44:46'),
(69, 134, 389, '2025-06-02 21:44:46', '2025-06-02 21:44:46'),
(70, 135, 350, '2025-06-02 21:44:46', '2025-06-02 21:44:46'),
(71, 136, 931, '2025-06-02 21:44:46', '2025-06-02 21:44:46'),
(72, 137, 112, '2025-06-02 21:44:46', '2025-06-02 21:44:46'),
(73, 138, 582, '2025-06-02 21:44:46', '2025-06-02 21:44:46'),
(74, 139, 991, '2025-06-02 21:44:46', '2025-06-02 21:44:46'),
(75, 140, 788, '2025-06-02 21:44:46', '2025-06-02 21:44:46'),
(76, 141, 636, '2025-06-02 21:44:46', '2025-06-02 21:44:46'),
(77, 142, 958, '2025-06-02 21:44:46', '2025-06-02 21:44:46'),
(78, 143, 648, '2025-06-02 21:44:46', '2025-06-02 21:44:46'),
(79, 144, 966, '2025-06-02 21:44:46', '2025-06-02 21:44:46'),
(80, 145, 462, '2025-06-02 21:44:46', '2025-06-02 21:44:46'),
(81, 146, 676, '2025-06-02 21:44:46', '2025-06-02 21:44:46'),
(82, 147, 230, '2025-06-02 21:44:46', '2025-06-02 21:44:46'),
(83, 148, 859, '2025-06-02 21:44:46', '2025-06-02 21:44:46'),
(84, 149, 541, '2025-06-02 21:44:46', '2025-06-02 21:44:46'),
(85, 150, 731, '2025-06-02 21:44:46', '2025-06-02 21:44:46'),
(86, 151, 589, '2025-06-02 21:44:46', '2025-06-02 21:44:46'),
(87, 152, 247, '2025-06-02 21:44:46', '2025-06-02 21:44:46'),
(88, 153, 140, '2025-06-02 21:44:46', '2025-06-02 21:44:46'),
(89, 154, 170, '2025-06-02 21:44:46', '2025-06-02 21:44:46'),
(90, 155, 769, '2025-06-02 21:44:46', '2025-06-02 21:44:46'),
(91, 156, 385, '2025-06-02 21:44:46', '2025-06-02 21:44:46'),
(92, 157, 313, '2025-06-02 21:44:46', '2025-06-02 21:44:46'),
(93, 158, 638, '2025-06-02 21:44:46', '2025-06-02 21:44:46'),
(94, 159, 228, '2025-06-02 21:44:46', '2025-06-02 21:44:46'),
(95, 160, 486, '2025-06-02 21:44:46', '2025-06-02 21:44:46'),
(96, 161, 520, '2025-06-02 21:44:46', '2025-06-02 21:44:46'),
(97, 162, 935, '2025-06-02 21:44:46', '2025-06-02 21:44:46'),
(98, 163, 794, '2025-06-02 21:44:46', '2025-06-02 21:44:46'),
(99, 164, 727, '2025-06-02 21:44:46', '2025-06-02 21:44:46'),
(100, 165, 477, '2025-06-02 21:44:46', '2025-06-02 21:44:46'),
(101, 166, 113, '2025-06-02 21:44:46', '2025-06-02 21:44:46'),
(102, 167, 883, '2025-06-02 21:44:46', '2025-06-02 21:44:46'),
(103, 168, 720, '2025-06-02 21:44:46', '2025-06-02 21:44:46'),
(104, 169, 901, '2025-06-02 21:44:46', '2025-06-02 21:44:46'),
(105, 170, 854, '2025-06-02 21:44:46', '2025-06-02 21:44:46'),
(106, 171, 442, '2025-06-02 21:44:46', '2025-06-02 21:44:46'),
(107, 172, 481, '2025-06-02 21:44:46', '2025-06-02 21:44:46'),
(108, 173, 193, '2025-06-02 21:44:46', '2025-06-02 21:44:46'),
(109, 174, 905, '2025-06-02 21:44:46', '2025-06-02 21:44:46'),
(110, 175, 376, '2025-06-02 21:44:46', '2025-06-02 21:44:46'),
(111, 176, 859, '2025-06-02 21:44:46', '2025-06-02 21:44:46'),
(112, 177, 454, '2025-06-02 21:44:46', '2025-06-02 21:44:46'),
(113, 178, 841, '2025-06-02 21:44:46', '2025-06-02 21:44:46'),
(114, 179, 598, '2025-06-02 21:44:46', '2025-06-02 21:44:46'),
(115, 180, 225, '2025-06-02 21:44:46', '2025-06-02 21:44:46'),
(116, 181, 276, '2025-06-02 21:44:46', '2025-06-02 21:44:46'),
(117, 182, 481, '2025-06-02 21:44:46', '2025-06-02 21:44:46'),
(118, 183, 442, '2025-06-02 21:44:46', '2025-06-02 21:44:46'),
(119, 184, 698, '2025-06-02 21:44:46', '2025-06-02 21:44:46'),
(120, 185, 388, '2025-06-02 21:44:46', '2025-06-02 21:44:46'),
(121, 186, 186, '2025-06-02 21:44:46', '2025-06-02 21:44:46'),
(122, 187, 728, '2025-06-02 21:44:46', '2025-06-02 21:44:46'),
(123, 188, 557, '2025-06-02 21:44:46', '2025-06-02 21:44:46'),
(124, 189, 131, '2025-06-02 21:44:46', '2025-06-02 21:44:46'),
(125, 190, 166, '2025-06-02 21:44:46', '2025-06-02 21:44:46'),
(126, 191, 127, '2025-06-02 21:44:46', '2025-06-02 21:44:46'),
(127, 192, 587, '2025-06-02 21:44:46', '2025-06-02 21:44:46'),
(128, 193, 555, '2025-06-02 21:44:46', '2025-06-02 21:44:46'),
(129, 194, 999, '2025-06-02 21:44:46', '2025-06-02 21:44:46'),
(130, 195, 830, '2025-06-02 21:44:46', '2025-06-02 21:44:46'),
(131, 196, 585, '2025-06-02 21:44:46', '2025-06-02 21:44:46'),
(132, 197, 501, '2025-06-02 21:44:46', '2025-06-02 21:44:46'),
(133, 198, 268, '2025-06-02 21:44:46', '2025-06-02 21:44:46'),
(134, 199, 527, '2025-06-02 21:44:46', '2025-06-02 21:44:46'),
(135, 200, 894, '2025-06-02 21:44:46', '2025-06-02 21:44:46'),
(136, 201, 709, '2025-06-02 21:44:46', '2025-06-02 21:44:46'),
(137, 202, 616, '2025-06-02 21:44:46', '2025-06-02 21:44:46'),
(138, 203, 240, '2025-06-02 21:44:46', '2025-06-02 21:44:46'),
(139, 204, 666, '2025-06-02 21:44:46', '2025-06-02 21:44:46'),
(140, 205, 431, '2025-06-02 21:44:46', '2025-06-02 21:44:46'),
(141, 206, 101, '2025-06-02 21:44:46', '2025-06-02 21:44:46'),
(142, 207, 142, '2025-06-02 21:44:46', '2025-06-02 21:44:46'),
(143, 208, 539, '2025-06-02 21:44:46', '2025-06-02 21:44:46'),
(144, 209, 352, '2025-06-02 21:44:46', '2025-06-02 21:44:46'),
(145, 210, 992, '2025-06-02 21:44:46', '2025-06-02 21:44:46'),
(146, 211, 397, '2025-06-02 21:44:46', '2025-06-02 21:44:46'),
(147, 212, 445, '2025-06-02 21:44:46', '2025-06-02 21:44:46'),
(148, 213, 717, '2025-06-02 21:44:46', '2025-06-02 21:44:46'),
(149, 214, 167, '2025-06-02 21:44:46', '2025-06-02 21:44:46'),
(150, 215, 269, '2025-06-02 21:44:46', '2025-06-02 21:44:46');

-- --------------------------------------------------------

--
-- Table structure for table `related_posts`
--

CREATE TABLE `related_posts` (
  `id` int(11) NOT NULL,
  `post_1_id` int(11) NOT NULL,
  `post_2_id` int(11) NOT NULL,
  `created_at` timestamp NOT NULL DEFAULT current_timestamp(),
  `updated_at` timestamp NOT NULL DEFAULT current_timestamp() ON UPDATE current_timestamp(),
  `weight` float DEFAULT 1
) ENGINE=InnoDB DEFAULT CHARSET=utf8mb4 COLLATE=utf8mb4_general_ci;

--
-- Dumping data for table `related_posts`
--

INSERT INTO `related_posts` (`id`, `post_1_id`, `post_2_id`, `created_at`, `updated_at`, `weight`) VALUES
(1, 113, 69, '2025-06-03 14:01:57', '2025-06-03 14:01:57', 0.00649351),
(2, 79, 100, '2025-06-03 14:01:57', '2025-06-03 14:01:57', 0.00404858),
(3, 127, 199, '2025-06-03 14:01:57', '2025-06-03 14:01:57', 0.00266667),
(4, 152, 162, '2025-06-03 14:01:57', '2025-06-03 14:01:57', 0.00145138),
(5, 70, 68, '2025-06-03 14:01:57', '2025-06-03 14:01:57', 0.00164204),
(6, 123, 174, '2025-06-03 14:01:57', '2025-06-03 14:01:57', 0.0178571),
(7, 135, 194, '2025-06-03 14:01:57', '2025-06-03 14:01:57', 0.00153846),
(8, 215, 67, '2025-06-03 14:01:57', '2025-06-03 14:01:57', 0.00263852),
(9, 101, 126, '2025-06-03 14:01:57', '2025-06-03 14:01:57', 0.003367),
(10, 161, 132, '2025-06-03 14:01:57', '2025-06-03 14:01:57', 0.00258398),
(11, 142, 105, '2025-06-03 14:01:57', '2025-06-03 14:01:57', 0.00152905),
(12, 120, 172, '2025-06-03 14:01:57', '2025-06-03 14:01:57', 0.0128205),
(13, 189, 177, '2025-06-03 14:01:57', '2025-06-03 14:01:57', 0.00308642),
(14, 73, 157, '2025-06-03 14:01:57', '2025-06-03 14:01:57', 0.00197628),
(15, 111, 69, '2025-06-03 14:01:57', '2025-06-03 14:01:57', 0.0526316),
(16, 170, 141, '2025-06-03 14:01:57', '2025-06-03 14:01:57', 0.00456621),
(17, 70, 188, '2025-06-03 14:01:57', '2025-06-03 14:01:57', 0.00564972),
(18, 100, 143, '2025-06-03 14:01:57', '2025-06-03 14:01:57', 0.008),
(19, 206, 117, '2025-06-03 14:01:57', '2025-06-03 14:01:57', 0.00222717),
(20, 171, 136, '2025-06-03 14:01:57', '2025-06-03 14:01:57', 0.00204082),
(21, 123, 150, '2025-06-03 14:01:57', '2025-06-03 14:01:57', 0.00434783),
(22, 124, 137, '2025-06-03 14:01:58', '2025-06-03 14:01:58', 0.00126904),
(23, 142, 202, '2025-06-03 14:01:58', '2025-06-03 14:01:58', 0.00291545),
(24, 166, 171, '2025-06-03 14:01:58', '2025-06-03 14:01:58', 0.0030303),
(25, 72, 161, '2025-06-03 14:01:58', '2025-06-03 14:01:58', 0.0294118),
(26, 83, 207, '2025-06-03 14:01:58', '2025-06-03 14:01:58', 0.0196078),
(27, 83, 209, '2025-06-03 14:01:58', '2025-06-03 14:01:58', 0.00621118),
(28, 166, 99, '2025-06-03 14:01:58', '2025-06-03 14:01:58', 0.00132802),
(29, 148, 133, '2025-06-03 14:01:58', '2025-06-03 14:01:58', 0.0526316),
(30, 144, 194, '2025-06-03 14:01:58', '2025-06-03 14:01:58', 0.0294118),
(31, 161, 141, '2025-06-03 14:01:58', '2025-06-03 14:01:58', 0.00854701),
(32, 146, 166, '2025-06-03 14:01:58', '2025-06-03 14:01:58', 0.00177305),
(33, 86, 75, '2025-06-03 14:01:58', '2025-06-03 14:01:58', 0.00961538),
(34, 71, 96, '2025-06-03 14:01:58', '2025-06-03 14:01:58', 0.00271739),
(35, 87, 108, '2025-06-03 14:01:58', '2025-06-03 14:01:58', 0.00411523),
(36, 91, 134, '2025-06-03 14:01:58', '2025-06-03 14:01:58', 0.0119048),
(37, 212, 147, '2025-06-03 14:01:58', '2025-06-03 14:01:58', 0.00462963),
(38, 98, 201, '2025-06-03 14:01:58', '2025-06-03 14:01:58', 0.00469484),
(39, 151, 203, '2025-06-03 14:01:58', '2025-06-03 14:01:58', 0.00285714),
(40, 135, 69, '2025-06-03 14:01:58', '2025-06-03 14:01:58', 0.00568182),
(41, 85, 182, '2025-06-03 14:01:58', '2025-06-03 14:01:58', 0.0185185),
(42, 149, 177, '2025-06-03 14:01:58', '2025-06-03 14:01:58', 0.0113636),
(43, 168, 131, '2025-06-03 14:01:58', '2025-06-03 14:01:58', 0.00434783),
(44, 159, 79, '2025-06-03 14:01:58', '2025-06-03 14:01:58', 0.00334448),
(45, 129, 92, '2025-06-03 14:01:58', '2025-06-03 14:01:58', 0.00282486),
(46, 132, 204, '2025-06-03 14:01:58', '2025-06-03 14:01:58', 0.00414938),
(47, 136, 102, '2025-06-03 14:01:58', '2025-06-03 14:01:58', 0.00140449),
(48, 127, 142, '2025-06-03 14:01:58', '2025-06-03 14:01:58', 0.00124069),
(49, 142, 157, '2025-06-03 14:01:58', '2025-06-03 14:01:58', 0.00154799),
(50, 168, 176, '2025-06-03 14:01:58', '2025-06-03 14:01:58', 0.00714286),
(51, 159, 201, '2025-06-03 14:01:58', '2025-06-03 14:01:58', 0.00207469),
(52, 134, 97, '2025-06-03 14:01:58', '2025-06-03 14:01:58', 0.0019802),
(53, 148, 69, '2025-06-03 14:01:58', '2025-06-03 14:01:58', 0.00145985),
(54, 83, 200, '2025-06-03 14:01:58', '2025-06-03 14:01:58', 0.00142248),
(55, 167, 188, '2025-06-03 14:01:58', '2025-06-03 14:01:58', 0.0030581),
(56, 81, 193, '2025-06-03 14:01:58', '2025-06-03 14:01:58', 0.00469484),
(57, 112, 189, '2025-06-03 14:01:58', '2025-06-03 14:01:58', 0.012987),
(58, 178, 66, '2025-06-03 14:01:58', '2025-06-03 14:01:58', 0.00490196),
(59, 181, 105, '2025-06-03 14:01:58', '2025-06-03 14:01:58', 0.0333333),
(60, 114, 193, '2025-06-03 14:01:58', '2025-06-03 14:01:58', 0.00341297),
(61, 78, 159, '2025-06-03 14:01:58', '2025-06-03 14:01:58', 0.00278552),
(62, 158, 106, '2025-06-03 14:01:58', '2025-06-03 14:01:58', 0.00334448),
(63, 115, 185, '2025-06-03 14:01:58', '2025-06-03 14:01:58', 0.00395257),
(64, 142, 187, '2025-06-03 14:01:58', '2025-06-03 14:01:58', 0.004329),
(65, 214, 141, '2025-06-03 14:01:58', '2025-06-03 14:01:58', 0.00212766),
(66, 137, 83, '2025-06-03 14:01:58', '2025-06-03 14:01:58', 0.0123457),
(67, 80, 143, '2025-06-03 14:01:58', '2025-06-03 14:01:58', 0.01),
(68, 152, 99, '2025-06-03 14:01:58', '2025-06-03 14:01:58', 0.00161551),
(69, 165, 127, '2025-06-03 14:01:58', '2025-06-03 14:01:58', 0.00307692),
(70, 102, 161, '2025-06-03 14:01:58', '2025-06-03 14:01:58', 0.00332226),
(71, 172, 212, '2025-06-03 14:01:58', '2025-06-03 14:01:58', 0.027027),
(72, 82, 200, '2025-06-03 14:01:58', '2025-06-03 14:01:58', 0.0151515),
(73, 113, 79, '2025-06-03 14:01:58', '2025-06-03 14:01:58', 0.00502513),
(74, 139, 120, '2025-06-03 14:01:58', '2025-06-03 14:01:58', 0.00230415),
(75, 189, 168, '2025-06-03 14:01:58', '2025-06-03 14:01:58', 0.00169492),
(76, 76, 145, '2025-06-03 14:01:58', '2025-06-03 14:01:58', 0.00884956),
(77, 118, 126, '2025-06-03 14:01:58', '2025-06-03 14:01:58', 0.003125),
(78, 125, 119, '2025-06-03 14:01:58', '2025-06-03 14:01:58', 0.00396825),
(79, 136, 163, '2025-06-03 14:01:58', '2025-06-03 14:01:58', 0.00724638),
(80, 109, 135, '2025-06-03 14:01:58', '2025-06-03 14:01:58', 0.00598802),
(81, 164, 72, '2025-06-03 14:01:58', '2025-06-03 14:01:58', 0.00414938),
(82, 180, 95, '2025-06-03 14:01:58', '2025-06-03 14:01:58', 0.00227273),
(83, 170, 178, '2025-06-03 14:01:58', '2025-06-03 14:01:58', 0.0714286),
(84, 162, 130, '2025-06-03 14:01:58', '2025-06-03 14:01:58', 0.00414938),
(85, 206, 189, '2025-06-03 14:01:58', '2025-06-03 14:01:58', 0.0322581),
(86, 167, 82, '2025-06-03 14:01:58', '2025-06-03 14:01:58', 0.0181818),
(87, 86, 152, '2025-06-03 14:01:58', '2025-06-03 14:01:58', 0.00416667),
(88, 119, 203, '2025-06-03 14:01:58', '2025-06-03 14:01:58', 0.0037594),
(89, 97, 122, '2025-06-03 14:01:58', '2025-06-03 14:01:58', 0.00218341),
(90, 153, 159, '2025-06-03 14:01:58', '2025-06-03 14:01:58', 0.011236),
(91, 88, 178, '2025-06-03 14:01:58', '2025-06-03 14:01:58', 0.00555556),
(92, 165, 66, '2025-06-03 14:01:58', '2025-06-03 14:01:58', 0.00617284),
(93, 70, 177, '2025-06-03 14:01:58', '2025-06-03 14:01:58', 0.00357143),
(94, 129, 143, '2025-06-03 14:01:58', '2025-06-03 14:01:58', 0.166667),
(95, 165, 107, '2025-06-03 14:01:58', '2025-06-03 14:01:58', 0.00666667),
(96, 109, 194, '2025-06-03 14:01:58', '2025-06-03 14:01:58', 0.00206612),
(97, 160, 210, '2025-06-03 14:01:58', '2025-06-03 14:01:58', 0.00197239),
(98, 208, 107, '2025-06-03 14:01:58', '2025-06-03 14:01:58', 0.00471698),
(99, 149, 207, '2025-06-03 14:01:58', '2025-06-03 14:01:58', 0.0025),
(100, 96, 132, '2025-06-03 14:01:58', '2025-06-03 14:01:58', 0.00239808),
(101, 202, 193, '2025-06-03 14:01:58', '2025-06-03 14:01:58', 0.016129),
(102, 79, 108, '2025-06-03 14:01:58', '2025-06-03 14:01:58', 1),
(103, 146, 169, '2025-06-03 14:01:58', '2025-06-03 14:01:58', 0.00442478),
(104, 124, 215, '2025-06-03 14:01:58', '2025-06-03 14:01:58', 0.00158479),
(105, 73, 112, '2025-06-03 14:01:58', '2025-06-03 14:01:58', 0.00163399),
(106, 85, 193, '2025-06-03 14:01:58', '2025-06-03 14:01:58', 0.0454545),
(107, 169, 179, '2025-06-03 14:01:58', '2025-06-03 14:01:58', 0.00328947),
(108, 98, 108, '2025-06-03 14:01:58', '2025-06-03 14:01:58', 0.00252525),
(109, 152, 95, '2025-06-03 14:01:58', '2025-06-03 14:01:58', 0.00239234),
(110, 199, 127, '2025-06-03 14:01:58', '2025-06-03 14:01:58', 0.00266667),
(111, 185, 121, '2025-06-03 14:01:58', '2025-06-03 14:01:58', 0.00316456),
(112, 162, 151, '2025-06-03 14:01:58', '2025-06-03 14:01:58', 0.00288184),
(113, 200, 86, '2025-06-03 14:01:58', '2025-06-03 14:01:58', 0.00244499),
(114, 181, 76, '2025-06-03 14:01:58', '2025-06-03 14:01:58', 0.00334448),
(115, 159, 86, '2025-06-03 14:01:58', '2025-06-03 14:01:58', 0.003861),
(116, 85, 178, '2025-06-03 14:01:58', '2025-06-03 14:01:58', 0.00324675),
(117, 128, 154, '2025-06-03 14:01:58', '2025-06-03 14:01:58', 0.00512821),
(118, 83, 100, '2025-06-03 14:01:58', '2025-06-03 14:01:58', 0.00172117),
(119, 131, 85, '2025-06-03 14:01:58', '2025-06-03 14:01:58', 0.0227273),
(120, 77, 173, '2025-06-03 14:01:58', '2025-06-03 14:01:58', 0.00206186),
(121, 101, 189, '2025-06-03 14:01:58', '2025-06-03 14:01:58', 0.00118906),
(122, 122, 151, '2025-06-03 14:01:58', '2025-06-03 14:01:58', 0.00649351),
(123, 155, 193, '2025-06-03 14:01:58', '2025-06-03 14:01:58', 0.00465116),
(124, 144, 97, '2025-06-03 14:01:58', '2025-06-03 14:01:58', 0.0135135),
(125, 151, 143, '2025-06-03 14:01:58', '2025-06-03 14:01:58', 0.0166667),
(126, 148, 205, '2025-06-03 14:01:58', '2025-06-03 14:01:58', 0.002331),
(127, 138, 104, '2025-06-03 14:01:58', '2025-06-03 14:01:58', 0.00833333),
(128, 130, 179, '2025-06-03 14:01:58', '2025-06-03 14:01:58', 0.0102041),
(129, 141, 169, '2025-06-03 14:01:58', '2025-06-03 14:01:58', 0.0037594),
(130, 115, 126, '2025-06-03 14:01:58', '2025-06-03 14:01:58', 0.0277778),
(131, 94, 134, '2025-06-03 14:01:58', '2025-06-03 14:01:58', 0.00280112),
(132, 75, 89, '2025-06-03 14:01:58', '2025-06-03 14:01:58', 0.00591716),
(133, 187, 126, '2025-06-03 14:01:58', '2025-06-03 14:01:58', 0.0185185),
(134, 72, 102, '2025-06-03 14:01:58', '2025-06-03 14:01:58', 0.00373134),
(135, 182, 89, '2025-06-03 14:01:58', '2025-06-03 14:01:58', 0.00374532),
(136, 201, 107, '2025-06-03 14:01:58', '2025-06-03 14:01:58', 0.0026178),
(137, 201, 186, '2025-06-03 14:01:58', '2025-06-03 14:01:58', 0.0019084),
(138, 82, 213, '2025-06-03 14:01:58', '2025-06-03 14:01:58', 0.00884956),
(139, 89, 71, '2025-06-03 14:01:58', '2025-06-03 14:01:58', 0.00155521),
(140, 84, 158, '2025-06-03 14:01:58', '2025-06-03 14:01:58', 0.00291545),
(141, 83, 95, '2025-06-03 14:01:58', '2025-06-03 14:01:58', 0.00211416),
(142, 105, 194, '2025-06-03 14:01:58', '2025-06-03 14:01:58', 0.00143885),
(143, 115, 101, '2025-06-03 14:01:58', '2025-06-03 14:01:58', 0.00301205),
(144, 190, 154, '2025-06-03 14:01:58', '2025-06-03 14:01:58', 0.2),
(145, 72, 99, '2025-06-03 14:01:58', '2025-06-03 14:01:58', 0.00263852),
(146, 113, 94, '2025-06-03 14:01:58', '2025-06-03 14:01:58', 0.00239234),
(147, 198, 188, '2025-06-03 14:01:58', '2025-06-03 14:01:58', 0.00344828),
(148, 135, 192, '2025-06-03 14:01:58', '2025-06-03 14:01:58', 0.00420168),
(149, 214, 178, '2025-06-03 14:01:58', '2025-06-03 14:01:58', 0.00148148),
(150, 150, 149, '2025-06-03 14:01:58', '2025-06-03 14:01:58', 0.0052356),
(151, 205, 84, '2025-06-03 14:01:58', '2025-06-03 14:01:58', 0.00735294),
(152, 150, 119, '2025-06-03 14:01:58', '2025-06-03 14:01:58', 0.00440529),
(153, 153, 164, '2025-06-03 14:01:58', '2025-06-03 14:01:58', 0.00170068),
(154, 201, 88, '2025-06-03 14:01:58', '2025-06-03 14:01:58', 0.0208333),
(155, 114, 76, '2025-06-03 14:01:58', '2025-06-03 14:01:58', 0.00364964),
(156, 119, 214, '2025-06-03 14:01:58', '2025-06-03 14:01:58', 0.00294985),
(157, 131, 201, '2025-06-03 14:01:58', '2025-06-03 14:01:58', 0.00456621),
(158, 158, 197, '2025-06-03 14:01:58', '2025-06-03 14:01:58', 0.00724638),
(159, 157, 184, '2025-06-03 14:01:58', '2025-06-03 14:01:58', 0.00259067),
(160, 195, 155, '2025-06-03 14:01:58', '2025-06-03 14:01:58', 0.016129),
(161, 188, 135, '2025-06-03 14:01:58', '2025-06-03 14:01:58', 0.00480769),
(162, 208, 174, '2025-06-03 14:01:58', '2025-06-03 14:01:58', 0.0027248),
(163, 157, 134, '2025-06-03 14:01:58', '2025-06-03 14:01:58', 0.012987),
(164, 113, 88, '2025-06-03 14:01:58', '2025-06-03 14:01:58', 0.00298507),
(165, 125, 192, '2025-06-03 14:01:58', '2025-06-03 14:01:58', 0.00588235),
(166, 205, 182, '2025-06-03 14:01:58', '2025-06-03 14:01:58', 0.0196078),
(167, 85, 118, '2025-06-03 14:01:58', '2025-06-03 14:01:58', 0.0021692),
(168, 71, 151, '2025-06-03 14:01:58', '2025-06-03 14:01:58', 0.00371747),
(169, 173, 164, '2025-06-03 14:01:58', '2025-06-03 14:01:58', 0.00186916),
(170, 183, 122, '2025-06-03 14:01:58', '2025-06-03 14:01:58', 0.142857),
(171, 75, 170, '2025-06-03 14:01:58', '2025-06-03 14:01:58', 0.00211864),
(172, 189, 201, '2025-06-03 14:01:58', '2025-06-03 14:01:58', 0.00172712),
(173, 176, 73, '2025-06-03 14:01:58', '2025-06-03 14:01:58', 0.0238095),
(174, 81, 84, '2025-06-03 14:01:58', '2025-06-03 14:01:58', 0.00211864),
(175, 115, 77, '2025-06-03 14:01:58', '2025-06-03 14:01:58', 0.0263158),
(176, 174, 89, '2025-06-03 14:01:58', '2025-06-03 14:01:58', 0.00144718),
(177, 194, 178, '2025-06-03 14:01:58', '2025-06-03 14:01:58', 0.00628931),
(178, 193, 111, '2025-06-03 14:01:58', '2025-06-03 14:01:58', 0.00275482),
(179, 145, 138, '2025-06-03 14:01:58', '2025-06-03 14:01:58', 0.00826446),
(180, 194, 95, '2025-06-03 14:01:58', '2025-06-03 14:01:58', 0.00297619),
(181, 167, 181, '2025-06-03 14:01:58', '2025-06-03 14:01:58', 0.00164474),
(182, 151, 199, '2025-06-03 14:01:58', '2025-06-03 14:01:58', 0.015873),
(183, 149, 87, '2025-06-03 14:01:58', '2025-06-03 14:01:58', 0.00387597),
(184, 207, 81, '2025-06-03 14:01:58', '2025-06-03 14:01:58', 0.00159744),
(185, 133, 199, '2025-06-03 14:01:58', '2025-06-03 14:01:58', 0.0031746),
(186, 107, 95, '2025-06-03 14:01:58', '2025-06-03 14:01:58', 0.00296736),
(187, 189, 107, '2025-06-03 14:01:58', '2025-06-03 14:01:58', 0.00505051),
(188, 178, 79, '2025-06-03 14:01:58', '2025-06-03 14:01:58', 0.00316456),
(189, 120, 93, '2025-06-03 14:01:58', '2025-06-03 14:01:58', 0.002331),
(190, 153, 140, '2025-06-03 14:01:58', '2025-06-03 14:01:58', 0.00154083),
(191, 134, 189, '2025-06-03 14:01:58', '2025-06-03 14:01:58', 0.003861),
(192, 153, 208, '2025-06-03 14:01:58', '2025-06-03 14:01:58', 0.0025),
(193, 72, 84, '2025-06-03 14:01:58', '2025-06-03 14:01:58', 0.00520833),
(194, 111, 90, '2025-06-03 14:01:58', '2025-06-03 14:01:58', 0.0384615),
(195, 131, 215, '2025-06-03 14:01:58', '2025-06-03 14:01:58', 0.00448431),
(196, 198, 173, '2025-06-03 14:01:58', '2025-06-03 14:01:58', 0.0131579),
(197, 75, 127, '2025-06-03 14:01:58', '2025-06-03 14:01:58', 0.004329),
(198, 67, 162, '2025-06-03 14:01:58', '2025-06-03 14:01:58', 0.00346021),
(199, 203, 202, '2025-06-03 14:01:58', '2025-06-03 14:01:58', 0.00265252),
(200, 170, 215, '2025-06-03 14:01:58', '2025-06-03 14:01:58', 0.00170648),
(201, 93, 194, '2025-06-03 14:01:58', '2025-06-03 14:01:58', 0.00114943),
(202, 193, 103, '2025-06-03 14:01:58', '2025-06-03 14:01:58', 0.0212766),
(203, 175, 109, '2025-06-03 14:01:58', '2025-06-03 14:01:58', 0.0070922),
(204, 78, 139, '2025-06-03 14:01:58', '2025-06-03 14:01:58', 0.00246305),
(205, 128, 107, '2025-06-03 14:01:58', '2025-06-03 14:01:58', 0.027027),
(206, 177, 118, '2025-06-03 14:01:58', '2025-06-03 14:01:58', 0.00184843),
(207, 201, 67, '2025-06-03 14:01:58', '2025-06-03 14:01:58', 0.015873),
(208, 100, 178, '2025-06-03 14:01:58', '2025-06-03 14:01:58', 0.0142857),
(209, 70, 165, '2025-06-03 14:01:58', '2025-06-03 14:01:58', 0.00389105),
(210, 116, 178, '2025-06-03 14:01:58', '2025-06-03 14:01:58', 0.0014245),
(211, 106, 149, '2025-06-03 14:01:58', '2025-06-03 14:01:58', 0.00252525),
(212, 208, 167, '2025-06-03 14:01:58', '2025-06-03 14:01:58', 0.00289855),
(213, 180, 138, '2025-06-03 14:01:58', '2025-06-03 14:01:58', 0.0027933),
(214, 68, 102, '2025-06-03 14:01:58', '2025-06-03 14:01:58', 0.0104167),
(215, 125, 72, '2025-06-03 14:01:58', '2025-06-03 14:01:58', 0.0037037),
(216, 130, 151, '2025-06-03 14:01:58', '2025-06-03 14:01:58', 0.00934579),
(217, 80, 140, '2025-06-03 14:01:58', '2025-06-03 14:01:58', 0.00416667),
(218, 161, 205, '2025-06-03 14:01:58', '2025-06-03 14:01:58', 0.0111111),
(219, 157, 122, '2025-06-03 14:01:58', '2025-06-03 14:01:58', 0.00806452),
(220, 76, 181, '2025-06-03 14:01:58', '2025-06-03 14:01:58', 0.00334448),
(221, 96, 177, '2025-06-03 14:01:58', '2025-06-03 14:01:58', 0.027027),
(222, 102, 116, '2025-06-03 14:01:58', '2025-06-03 14:01:58', 0.0123457),
(223, 199, 104, '2025-06-03 14:01:58', '2025-06-03 14:01:58', 0.00571429),
(224, 194, 105, '2025-06-03 14:01:58', '2025-06-03 14:01:58', 0.00143885),
(225, 192, 112, '2025-06-03 14:01:58', '2025-06-03 14:01:58', 0.00262467),
(226, 199, 215, '2025-06-03 14:01:58', '2025-06-03 14:01:58', 0.003861),
(227, 157, 188, '2025-06-03 14:01:58', '2025-06-03 14:01:58', 0.00408163),
(228, 122, 88, '2025-06-03 14:01:58', '2025-06-03 14:01:58', 0.00440529),
(229, 86, 101, '2025-06-03 14:01:58', '2025-06-03 14:01:58', 0.00205761),
(230, 138, 144, '2025-06-03 14:01:58', '2025-06-03 14:01:58', 0.0025974),
(231, 211, 83, '2025-06-03 14:01:58', '2025-06-03 14:01:58', 0.00485437),
(232, 92, 207, '2025-06-03 14:01:58', '2025-06-03 14:01:58', 0.00116959),
(233, 68, 74, '2025-06-03 14:01:58', '2025-06-03 14:01:58', 0.0135135),
(234, 138, 172, '2025-06-03 14:01:58', '2025-06-03 14:01:58', 0.00980392),
(235, 178, 154, '2025-06-03 14:01:58', '2025-06-03 14:01:58', 0.0014881),
(236, 182, 192, '2025-06-03 14:01:58', '2025-06-03 14:01:58', 0.00934579),
(237, 70, 97, '2025-06-03 14:01:58', '2025-06-03 14:01:58', 0.00621118),
(238, 75, 178, '2025-06-03 14:01:58', '2025-06-03 14:01:58', 0.00217865),
(239, 76, 173, '2025-06-03 14:01:58', '2025-06-03 14:01:58', 0.0026178),
(240, 135, 114, '2025-06-03 14:01:58', '2025-06-03 14:01:58', 0.00200803),
(241, 141, 127, '2025-06-03 14:01:58', '2025-06-03 14:01:58', 0.00206612),
(242, 197, 135, '2025-06-03 14:01:58', '2025-06-03 14:01:58', 0.00657895),
(243, 130, 138, '2025-06-03 14:01:58', '2025-06-03 14:01:58', 0.00877193),
(244, 141, 152, '2025-06-03 14:01:58', '2025-06-03 14:01:58', 0.0025641),
(245, 133, 197, '2025-06-03 14:01:58', '2025-06-03 14:01:58', 0.00293255),
(246, 101, 122, '2025-06-03 14:01:58', '2025-06-03 14:01:58', 0.00186567),
(247, 186, 141, '2025-06-03 14:01:58', '2025-06-03 14:01:58', 0.00221729),
(248, 106, 198, '2025-06-03 14:01:58', '2025-06-03 14:01:58', 0.00149477),
(249, 129, 114, '2025-06-03 14:01:58', '2025-06-03 14:01:58', 0.00487805),
(250, 189, 127, '2025-06-03 14:01:58', '2025-06-03 14:01:58', 0.0434783),
(251, 211, 142, '2025-06-03 14:01:58', '2025-06-03 14:01:58', 0.00177936),
(252, 108, 194, '2025-06-03 14:01:58', '2025-06-03 14:01:58', 0.0021097),
(253, 195, 196, '2025-06-03 14:01:58', '2025-06-03 14:01:58', 0.00406504),
(254, 168, 155, '2025-06-03 14:01:58', '2025-06-03 14:01:58', 0.02),
(255, 81, 163, '2025-06-03 14:01:58', '2025-06-03 14:01:58', 0.0357143),
(256, 155, 92, '2025-06-03 14:01:58', '2025-06-03 14:01:58', 0.00438596),
(257, 89, 106, '2025-06-03 14:01:58', '2025-06-03 14:01:58', 0.00138504),
(258, 157, 152, '2025-06-03 14:01:58', '2025-06-03 14:01:58', 0.0149254),
(259, 160, 141, '2025-06-03 14:01:58', '2025-06-03 14:01:58', 0.00662252),
(260, 134, 68, '2025-06-03 14:01:58', '2025-06-03 14:01:58', 0.00377358);

-- --------------------------------------------------------

--
-- Table structure for table `users`
--

CREATE TABLE `users` (
  `id` int(8) NOT NULL,
  `name` varchar(100) NOT NULL,
  `email` varchar(100) NOT NULL,
  `password` varchar(255) DEFAULT NULL
) ENGINE=InnoDB DEFAULT CHARSET=utf8mb4 COLLATE=utf8mb4_general_ci;

--
-- Dumping data for table `users`
--

INSERT INTO `users` (`id`, `name`, `email`, `password`) VALUES
(1, 'Matineh Mousavi', 'matineh.mousavi8200@gmail.com', '$2y$10$aRK3jmOMjPO/yf6H4QHCXu/bIQMdjKftB8ThUs/tOvMmuTVYf1FrG'),
(2, 'amirhossein asadi', 'amirhosseinasadi162@gmail.com', '$2y$10$sFcCpqV3TptiQNHLVwbW6enYyetxZt5dyk3k.4fnT/lx4CBN3xH6C'),
(3, 'ali babakordi', 'alibabakordi82@gmail.com', '$2y$10$w9vnGSyy/DRGM7U/pUKsmeO7yAafoBMcdPhf.tl3Py8/73gNmTQEC'),
(4, 'Fatemeh Binesh', 'fatemehbinesh17@gmail.com', '$2y$10$Hvb5bQO5vX2rQz7bR8GHKuPVi3T9Xcpi8QOaNT5tHinXUzNAzSEUW'),
(5, 'Ali Daneshmand', 'daneshmanda8@gmail.com', '$2y$10$L07Frr9MHelD4c4urAz7E.YtktkaOttTsoLNY22026n.poq1sP0vy'),
(6, 'Abbas Esmaili', 'abbas@gmail.com', '$2y$10$U47xf9jsx.H6snWRPyml2esEmU7s64pUANtSiRoato2r.R.bkMuMG'),
(7, 'Mobina Fallah', 'flhmobinaa@gmail.com', '$2y$10$1suoUWgH1.6zG2u21ZV7ue2AWnm7EH.W9w8e1XTiz2fPYA.qgnueq'),
(8, 'Omid Haghgoo', 'O.Haghgoo@gmail.com', '$2y$10$RYRAyikre1K93EDDx20mVOF39q1g9o6Vt/MYiXeycDhU.buV2/yoi'),
(9, 'Danial Isaabadi', 'danial.isaabadi81@gmail.com', '$2y$10$J2mnPhCfOtWa6x5/1K9/P.e/qibOsJH4UlG3E0Ahkkx7WXVemTokK'),
(10, 'fatemeh khajeh', 'fatemeh.khajeh1404@gmail.com', '$2y$10$k19DbguBa9RizRPf5hRvxO2U0rbhI0ah4pIZSAWqd7SgU.CCeY8t6'),
(11, 'Mobina mahdavi', 'mobina.mahdavi.web@gmail.com', '$2y$10$fIeGp9E.Xf/XpmDRSuDW8.r.SkfknnnreBZlqC9hz.4ceSMovOEd2'),
(12, 'Parmida Mehrnikoo', 'Mehrnikoo.net@gmail.com', '$2y$10$LoUHWePBBfVL4hIuKFk2x.sWq0KaRnE1qKindKmLnu9OwnAab8LGu'),
(13, 'Mostafa Montazery', 'Mostafamtz@gmail.com', '$2y$10$uhZwKRYVxi04.8UecU1qXOaMtjRsv8zjNYPiXVTOJIbSLGqKGmBLK'),
(14, 'Mobina Amini', 'mobina.amini.web@gmail.com', '$2y$10$bXylKVki5ezIcM8y0fGQBeljIoBe3nFCNdy7YCNkkH0tKRVdjl9Zq'),
(15, 'Mahdieh panjei', 'mahdiehpanjei@gmail.com', '$2y$10$Zua/krobmFwP/e.gDIEFge9ZSx02gC9jXEqgs1ibHGn8Q4f8ilVpi'),
(16, 'Sadjad Rezagholizadeh', 'sajjad.rz@gmail.com', '$2y$10$GLnYuP5oMaojYgDErsH8IuuQ9h8XPFXjJ8D6gX2OKXuOl/7UMGOkm'),
(17, 'Ghazal Rezaei', 'rezaeighazal432@gmail.com', '$2y$10$ydwDqzn1oZKkb/L5XPSNfOB0kqD07x6QoDy0nRxppzRP4QFibV3Y2'),
(18, 'Sara Sarfi', 'sarasarfi79@gmail.com', '$2y$10$5VOdZWYKKePbVo7uD3l4LugNAE0sgepiygGOghdklVAW9HBSkKbGC'),
(19, 'Aida Sadeghi', 'asv94974@gmail.com', '$2y$10$3Q6Y3/VUQY.HeaRnhoAWE.K0vzk/YGbOTNvjurn6yR2Fc6W2A/88W'),
(20, 'taha sadeghi', 'taha18319113@gmail.com', '$2y$10$mKXsc4S2O.HWerW7HNIGweLJs5xA02l5o7mwCaECHlj9GkLxXzpqy'),
(21, 'Shahed Shirazi', 'shirazishaheds926@gmail.com', '$2y$10$bZ1oXKF0CX7IHSPzUT5aj.VW3sg06sYZUqefBYxbeZWxDKOrKUybm'),
(22, 'Shakila Shaker', 'shakilashaker80@gmail.com', '$2y$10$JQbri4KmtjyCKNaY/Z5nSu6sZEbz97Brra3ouwEaRsHu5oH8ItlMK'),
(23, 'Amirhosein Tasharrofi', 'amirhosein.tasharrofi@gmail.com', '$2y$10$e9UTrSEUCqu.UJIrPHVVR..KXaKiIHNYCtdBznv5JuorJpUwse8xm'),
(24, 'Masoud Taghipour', 'mtaghipourj@gmail.com', '$2y$10$VVUo9GUY24Yp3gU3RRLYAudV.v8IHmgnGPNRJGL0ZSbMQ3k9AkDPS');

--
-- Indexes for dumped tables
--

--
-- Indexes for table `posts`
--
ALTER TABLE `posts`
  ADD PRIMARY KEY (`id`),
  ADD KEY `user_id` (`user_id`);

--
-- Indexes for table `post_views`
--
ALTER TABLE `post_views`
  ADD PRIMARY KEY (`id`),
  ADD KEY `post_id` (`post_id`);

--
-- Indexes for table `related_posts`
--
ALTER TABLE `related_posts`
  ADD PRIMARY KEY (`id`),
  ADD UNIQUE KEY `unique_relation` (`post_1_id`,`post_2_id`),
  ADD KEY `post_2_id` (`post_2_id`);

--
-- Indexes for table `users`
--
ALTER TABLE `users`
  ADD PRIMARY KEY (`id`);

--
-- AUTO_INCREMENT for dumped tables
--

--
-- AUTO_INCREMENT for table `posts`
--
ALTER TABLE `posts`
  MODIFY `id` int(11) NOT NULL AUTO_INCREMENT, AUTO_INCREMENT=216;

--
-- AUTO_INCREMENT for table `post_views`
--
ALTER TABLE `post_views`
  MODIFY `id` int(11) NOT NULL AUTO_INCREMENT, AUTO_INCREMENT=151;

--
-- AUTO_INCREMENT for table `related_posts`
--
ALTER TABLE `related_posts`
  MODIFY `id` int(11) NOT NULL AUTO_INCREMENT, AUTO_INCREMENT=262;

--
-- AUTO_INCREMENT for table `users`
--
ALTER TABLE `users`
  MODIFY `id` int(8) NOT NULL AUTO_INCREMENT, AUTO_INCREMENT=25;

--
-- Constraints for dumped tables
--

--
-- Constraints for table `posts`
--
ALTER TABLE `posts`
  ADD CONSTRAINT `posts_ibfk_1` FOREIGN KEY (`user_id`) REFERENCES `users` (`ID`) ON DELETE CASCADE;

--
-- Constraints for table `post_views`
--
ALTER TABLE `post_views`
  ADD CONSTRAINT `post_views_ibfk_1` FOREIGN KEY (`post_id`) REFERENCES `posts` (`id`) ON DELETE CASCADE;

--
-- Constraints for table `related_posts`
--
ALTER TABLE `related_posts`
  ADD CONSTRAINT `related_posts_ibfk_1` FOREIGN KEY (`post_1_id`) REFERENCES `posts` (`id`) ON DELETE CASCADE,
  ADD CONSTRAINT `related_posts_ibfk_2` FOREIGN KEY (`post_2_id`) REFERENCES `posts` (`id`) ON DELETE CASCADE;
COMMIT;

/*!40101 SET CHARACTER_SET_CLIENT=@OLD_CHARACTER_SET_CLIENT */;
/*!40101 SET CHARACTER_SET_RESULTS=@OLD_CHARACTER_SET_RESULTS */;
/*!40101 SET COLLATION_CONNECTION=@OLD_COLLATION_CONNECTION */;
